{"isMP3":false,"sounds":{"crush":[0,0.33668934240362813,-1,-1],"fly1":[0.4366893424036281,5.61687074829932,2.7042630385487527,5.425351473922903],"fly2":[6.153560090702948,2.1813378684807256,6.419727891156462,7.740861678004535],"swatter":[8.434897959183674,0.660702947845805,-1,-1]},"sampleRate":44100,"bitRate":128,"sampleSize":16,"noOfChannels":2,"noOfSamples":405526}