{"isMP3":true,"sounds":{"crush":[0,0.33668934240362813,-1,-1],"confirm":[0.4366893424036281,1.6457142857142857,-1,-1],"foldin":[2.182403628117914,0.5,-1,-1],"foldout":[2.7824036281179136,0.5,-1,-1],"hardware_in":[3.3824036281179137,1.2509297052154196,-1,-1],"error":[4.733333333333333,4.31015873015873,-1,-1],"fly2":[9.143492063492063,2.181315192743764,9.409614512471656,10.730748299319728],"hardware_out":[11.424807256235828,1.3133333333333332,-1,-1],"fly1":[12.83814058956916,5.61687074829932,15.105714285714285,17.826802721088434],"ash":[18.555011337868482,3.269705215419501,-1,-1],"jontconnection":[21.924716553287983,0.8942403628117914,-1,-1],"loginfailed":[4.733333333333333,4.31015873015873,-1,-1],"photo":[22.918956916099773,0.6479818594104308,-1,-1],"no":[23.666938775510204,1.0560090702947846,-1,-1],"pipetteout":[24.82294784580499,0.07256235827664399,-1,-1],"logout":[24.995510204081633,2.6383219954648527,-1,-1],"pinch":[27.733832199546484,0.11791383219954649,-1,-1],"pipettein":[27.951746031746033,0.2,-1,-1],"snipout":[28.25174603174603,0.05160997732426304,-1,-1],"snipin":[28.403356009070293,0.06997732426303854,-1,-1],"ok":[28.573333333333334,1.9591383219954648,-1,-1],"spring":[30.6324716553288,0.3401814058956916,-1,-1],"login":[31.07265306122449,4.284036281179138,-1,-1],"soldering":[35.45668934240363,0.3749659863945578,-1,-1],"swatter":[35.931655328798186,0.6606802721088435,-1,-1],"halloffame":[36.69233560090703,4.633151927437642,-1,-1],"blow":[41.42548752834467,2.9179138321995466,-1,-1],"dwv":[44.443401360544215,5.360226757369614,-1,-1],"yes":[49.90362811791383,0.96,-1,-1],"thunder":[50.963628117913835,5.198321995464853,-1,-1]},"sampleRate":22050,"bitRate":64,"sampleSize":16,"noOfChannels":2,"noOfSamples":1240576}