{"isMP3":false,"sounds":{"picker":[0,0.01165532879818594,-1,-1],"button_up":[0.11165532879818595,0.03609977324263038,-1,-1],"button_down":[0.24775510204081633,0.02,-1,-1]},"sampleRate":22050,"bitRate":64,"sampleSize":16,"noOfChannels":1,"noOfSamples":8109}